Давите апельсины бочками; 1
Крым их
Час вылета расплаты настал
Казарму обрушил советский стройбат
Мир в Крыму — всё в дыму; 1
Губернаторы посылают мэров куда повыше
Крым их
У Lada спрос не ладится
Вор должен сидеть в стране
БОРНу припомнили выстрел в эрцгерцога Фердинанда; 1
Комитет против пыток не выдержал пытки законом
Час вылета расплаты настал
Казарму обрушил советский стройбат
Барак Обама выкинул номер; 1
Искусство вниз головой; 1
Почта Хиллари Клинтон нашла адресата
Цирк цифрового периода
ЦСКА отрепетировал победу; 1
Анхеля Ди Марию уронили в цене; 1; info1.png
Велогонщик превысил допустимую скорость; 1;info1.png, info2.png